"","amygdala","anterior commissure: pars anterior","anterior commissure: pars posterior","arbor vita of cerebellum","basal forebrain","bed nucleus of stria terminalis","cerebellar cortex","cerebellar peduncle: inferior","cerebellar peduncle: middle","cerebellar peduncle: superior","cerebral aqueduct","cerebral cortex: entorhinal cortex","cerebral cortex: frontal lobe","cerebral cortex: occipital lobe","cerebral cortex: parieto-temporal lobe","cerebral peduncle","colliculus: inferior","colliculus: superior","corpus callosum","corticospinal tract/pyramids","cuneate nucleus","dentate gyrus of hippocampus","facial nerve (cranial nerve 7)","fasciculus retroflexus","fimbria","fornix","fourth ventricle","fundus of striatum","globus pallidus","habenular commissure","hippocampus","hypothalamus","inferior olivary complex","internal capsule","interpedunclar nucleus","lateral olfactory tract","lateral septum","lateral ventricle","mammillary bodies","mammilothalamic tract","medial lemniscus/medial longitudinal fasciculus","medial septum","medulla","midbrain","nucleus accumbens","olfactory bulbs","olfactory tubercle","optic tract","periaqueductal grey","pons","pontine nucleus","posterior commissure","pre-para subiculum","stratum granulosum of hippocampus","stria medullaris","stria terminalis","striatum","subependymale zone / rhinocele","superior olivary complex","thalamus","third ventricle","ventral tegmental decussation"
"FMR1vB6 (-/Y)",0.363560229163702,-0.932598434786951,-0.789100732768279,-2.16159247447377,-0.655898058661228,-1.42103656064256,-1.21139897447088,-1.01056414562059,-4.48129160901634,0.019570356248445,-0.168592418987393,0.557179925595986,1.13657587250864,0.203156411552771,1.71080805305503,-1.06178613690742,0.750807379714076,0.529768843396829,-0.39609166318202,-0.392040986793814,-0.336985574452405,0.7973570036942,0.029326268927035,-0.674517607664175,0.0166765273778222,-0.386550039993729,-0.523906972116115,-0.105095638866699,-0.428369823617919,-0.592391272279857,-0.829588525164976,-0.304196095613642,-0.543946790433119,-0.641266646400867,-0.266340559330886,0.522030449300659,0.0544225333680532,-0.0902648527479652,0.439275191615288,-0.262756882658635,-0.845850452644079,-0.0156355504561027,-0.490217658141966,-0.00861860457320446,-0.801610516604602,0.645191214687303,0.460235648061894,0.0101747685706686,0.0211791141845494,-0.476880904707871,-0.973612636737086,0.396827039789537,-1.15321574497412,1.14356848590352,-0.00114581469438523,0.276924191191175,-1.78607574869389,1.02167888131885,0.259403373339406,-0.632906928436004,-0.24659136798656,0.566864220946587
"FMR1vFVB (-/Y)",0.228700209741772,0.721886337455219,0.0197141013179227,0.274710979825687,-2.29201770285733,0.0695615857138985,-0.838246705737742,-1.93429199774209,-1.40934572258408,1.33654421406018,2.43178450210476,-0.784170470656697,0.991856667441242,-0.723421166401742,2.1554227882796,-1.04238623091552,1.15153140730971,1.47585721694761,1.93044430087797,-1.03772617564299,-1.01813504926539,0.183564496698278,-2.30160852079752,0.0566737694090227,2.14374799374325,0.471868638770143,-0.305487826497747,-0.948912807676611,-1.21990242005237,-0.22599416012996,-0.211498625312979,-1.3006853565803,-0.36706296706389,-1.37022778191156,-1.03574576538771,0.0722233664896984,0.566544941750711,1.61144814791655,-0.418091529027637,-0.812100774308512,0.046002044443612,-1.01943476610495,-1.91051700235061,0.22061867628594,-0.63508877666471,0.123158263059076,-1.86536628440618,-0.85536572575462,1.13171096876004,-1.24761804465902,-1.59130792434262,-1.09879960674712,-1.2474797606596,0.345595759915629,-0.58363365776303,0.372799621481245,-0.756896786935416,-0.320038806975323,-1.40001967475108,-0.637398639441155,-1.29319326849085,0.746707696345016
"Mecp2 p60 (-/Y)",-0.236476834644831,-1.35532785383009,-0.395066446262585,0.745036111028799,1.6035713660813,-1.98709594522459,2.47533025043174,2.74157482408249,1.55310591151493,-0.146432172881194,-0.408644591304612,1.42528863945601,-1.53358244854252,0.981172867725144,-1.25266875679445,1.38540048061608,0.516946218457645,0.0596479056599744,-1.91045206534417,1.79615114960148,2.27601055123136,-1.40609133571681,-0.154018449787407,-0.118170011034486,-1.52771255682733,-0.0151047763974774,1.3053288724372,1.00062786995757,0.906166872521028,0.235603704123605,0.197247025716914,1.43178008647689,0.910316771136266,-1.02361347492807,-0.307570078838561,-0.335873704462107,-0.72705585244425,-0.11037883696219,2.81621009825754,-0.320641829432431,2.01966418159786,0.947865410614585,2.67403515136961,1.21205009609779,-0.329142534861432,-0.307860953273415,0.988743942252878,-0.206531063463996,-0.268930080789137,1.84202222743226,2.12923489304784,-1.21782219938046,0.569923004317137,-0.638772532931241,-0.145145859475066,-2.51933699650548,-1.79535627936131,-1.2328959023576,2.32136686523829,-3.30058529818353,-0.561927958503105,0.148273414028631
"NL3 R451C",0.450702431887471,1.12910672714592,0.408405087241763,1.40027997355571,1.74024884270503,0.457521563860414,1.3330372833644,1.10296606920067,0.45660978125172,0.894513699770156,1.59653007748192,0.770406737115494,-0.0102320412941189,-0.347914135863287,-1.27458865970225,-1.85468224882092,1.09602604117081,0.347968145846197,-6.15987659967793,0.171930705617867,0.181380063154102,-1.84171015439053,1.18435372959028,-1.62677909839436,-0.365318158917299,-2.07491519967391,2.6492814051774,-1.38944636712192,-0.407042102272353,1.23728052221175,-0.892805411556776,0.893131575945942,0.526986939677047,-1.23193508990423,2.842358368594,0.839509914875555,0.573129071428476,0.927468009935328,-0.397667841687573,-1.98287266339601,0.576904749013848,2.0261783551851,0.590218930566503,-0.244948154491443,-0.667068881947341,1.03818640727851,1.91014432935614,-1.99956021359062,0.277574471752139,1.14970750308139,0.0249281516757141,0.30922685561959,-0.720920648060279,-1.69866399522859,-1.64894449648139,-2.05487132358881,-1.34526823354668,1.30893622360394,2.28041464261733,-2.59183795013079,0.770865978176849,0.556477991766027
"En2",0.837105565279871,3.04549516922669,0.455188915100834,-7.7810388748015,2.90706285538069,2.37227942511859,-9.00640895785774,-3.38379671144534,-3.83222443812101,-1.09907357709066,-1.19698325168506,0.465716701058731,2.05157298429106,1.0571435940212,4.29926264951265,2.99450323410776,-6.92982885676829,2.58548732951197,2.62889341073744,0.85978302716781,-2.6452541785335,5.3077465904075,0.607190861260638,1.42386151582775,2.38755397462327,1.67223918441007,-1.16110701922849,-0.197339542821011,3.22361438826468,-1.19208048292273,2.26202195741423,2.48629941613312,0.604242232836332,3.78379006929489,-1.13585646578676,2.17169105149535,2.62929097748686,0.611039365291388,0.842013106060117,2.57313820899462,1.5137701861149,3.25902705414186,0.137112180757678,1.71973383709087,2.45564628527258,3.46681805794943,0.211730998223541,0.859287584684652,-0.895571213446875,0.0913106759157949,-1.49232153354751,-0.110526629037396,-1.83531458728549,4.81894317831651,0.661537523264218,3.57785296833308,0.948523513759884,0.41383920194653,0.0210536564676968,3.43887447944364,0.509790320772301,1.96456196848736
"16p11.2 (dp/+)",-0.143381502041888,-0.487406384683941,-0.568138690148055,1.38631814119056,-0.100970347831383,0.16766481459114,1.24701096415104,0.722172101458401,-0.293449190301797,0.203158716450549,-0.703141066350791,-0.650431481903461,-0.855722413908243,0.0783755028298123,-0.54794634100852,-0.0250267555381408,-0.543679816691383,-0.35735955435328,0.280886859886012,0.220005342261715,0.910053002346957,-0.51601107614027,0.0400049886907238,-0.13432182979419,-0.120944108554782,0.425170975757602,0.631735586053768,-0.490778720774464,-0.241774058831623,0.270817871237959,-0.470575279733867,-0.0498336175487701,0.662973557998364,0.0969673166351539,-0.315310133299286,0.250940110480899,-0.630201292588932,-0.289963059585616,-0.536826169685458,-0.435547863273556,0.227792893807403,-0.457249085233272,0.56439275403045,0.0853593948820808,-0.468608094785169,-0.181971454727003,-0.10875265936203,-0.05451458444304,-0.143945120951822,-0.508132431357476,-0.05566079971248,0.114866974346373,-0.297668455970543,-0.521323000361436,-0.219554470669922,0.402886817733058,-0.519766568480307,-0.594140688315839,-0.199337983137054,-0.472179971398443,-0.341530222220264,-0.0333423450082329
"16p11.2 (df/dp)",0.139524998315298,-0.487545682249163,-0.769692310054349,1.18302529639892,0.47232400533804,0.44533216165096,0.839889048987341,0.899182865580054,-0.356564956516516,0.558225901061593,-0.560329628503153,-0.525204843762433,-1.0671004227275,-0.119965024409076,-0.771157051692795,0.384931600796672,-1.01893286867888,-0.177134719805363,0.360886910538068,0.71977191319188,1.20886969489767,-0.311698027194546,0.386288022470382,-0.126243095146899,-0.223463378818331,1.07041162406696,0.422711203228373,-0.163887153108462,0.216713034990494,0.205976914490306,-0.246433758131612,0.898729843653076,1.28923649811725,0.445845733911762,-0.366571469538156,-0.0638897119559147,-0.978682517322426,-0.7657651290876,0.547630610184498,0.536615376707707,0.629373509745321,0.0634578708572999,0.726017430114923,0.36426343446074,-0.401688372178645,-0.595317076095664,0.212871089577632,0.348165631626925,0.170401879515316,-0.429064966748313,-0.17848524777548,0.320018860423678,0.0294151876374909,-0.218881367928148,0.149395818443476,0.64612531038072,-0.713239018885325,-1.05806381212186,-0.493605007318797,-0.18435602822726,-0.499356471510043,-0.00221309022182982
"16p11.2 (df/+)",0.101373494510534,-1.04089148742745,-0.841047295895241,0.867139533112399,0.673169901156613,0.578881280786086,0.456052377101151,-0.0115436509607142,-0.790620494183495,0.520427180680068,0.390024070678299,-0.700470654576437,-0.778071033523706,-0.373898213779377,-0.570035989088089,0.000284711858016488,-0.345642605376926,1.14994968682388,-0.138155494531776,0.564602981635468,0.444178887478462,-0.343665622574188,0.293113540139247,0.798197755848438,-0.727608450277158,1.50969091556328,0.712231727518473,-0.0273435763255622,0.566402392498903,-0.0580634017320971,-0.394321910559737,1.67416631890738,0.546894751308468,0.27914817657912,-0.282707728450265,-0.39284102915644,0.0305312286354164,-0.568044500919418,0.289990560416871,1.28454422334726,0.550726349108882,0.806037767091902,0.517619719870878,1.7271932218979,0.334470591361392,-0.984073845451201,-0.0437112110766445,0.26353694004318,1.32170270179987,0.534576173028517,-0.474176907343669,1.3845051865668,0.252809475624337,-0.263998013300571,0.670384874643449,0.35211627489443,-0.351892231021759,-1.33339534440712,-0.408064379830976,0.517524221909406,0.109074444384111,0.454561388607442
"15q11-13",0.55099089463084,-0.137773063783518,0.627935495017542,0.193810649523051,-2.39978029340353,-0.640297777472721,1.07389228303898,-0.33737243483164,0.557482131822618,-2.05562476063587,0.91658555593339,0.479090285284367,0.418659229236949,0.891651487896214,0.736623203488892,-0.216526713858068,-1.23182118550254,-3.06155050100907,0.38393835561021,-0.338484399451209,1.74700801027786,-0.329821333318014,0.155109614031958,-0.456066555678571,-0.240098889456097,0.0521789218001926,0.855924121566841,-0.167579061750512,-0.848426723399752,0.14269140035311,0.398978706200106,-1.64399610705057,-0.432808477654176,-0.525567250721163,-0.653521600230776,0.0958488383057234,-0.603627638336165,-0.266986299659023,-1.01508420826823,-0.810723488262854,-1.33240243505931,-1.37569061847106,-0.710372163527204,-3.38503314201708,-0.652542934137856,0.440984239308913,0.0994603678746333,0.0300407843123308,-0.103315526293234,-1.24317504850919,0.10218605918251,-0.357018203065556,-0.656981970410057,-1.62640954525859,-1.02368207368743,0.182528150629581,-0.370402189090197,0.812759247451349,-1.27209882791393,-4.60338116514384,1.3005884182067,-1.76613406306185
"CNTNAP2 (-/-)",-0.358306865687733,-0.745898234464235,-0.64580168595741,0.548173547609084,0.183788860711738,-1.45190969779301,-0.0351537002870959,0.29655136220438,0.899500868591231,0.00549618928537596,-0.357603240971669,-0.778603435073234,-0.43922004810329,0.270888807149013,-0.139597277996089,0.488850436137084,0.187924888286504,0.0146475799040346,0.0779200739859301,-0.0881953452083944,-0.496761480083191,0.666779955766184,-0.258211491828258,0.0455778439518261,-0.734225820679755,0.0809869552619424,0.0159131255740577,0.300699122784917,-0.294891484280705,1.60530330698486,0.760854819174226,0.34005090459005,-0.0393909163738645,-0.511831694260629,0.25910866023956,-0.365019026202349,-0.632586270274798,-0.288677401969658,0.409177772085139,0.282201168678455,0.596832488290261,0.534755610283557,0.0638198118025193,0.105964351152297,-0.111002788629622,-0.265611113631928,0.558792396886953,0.94478144669417,-0.484973447246517,0.408962926623582,1.08535205286601,-0.292808273636993,0.0718319235355076,0.761014891178128,0.218263941821735,0.0946924397146967,-0.136150992532596,0.270807656606049,0.258643674757408,0.717660248716389,0.749912342480211,-0.203837321438295
"BTBRvB6",0.602192331504245,3.58688937387111,-1.19549418909108,3.0297414638036,-1.25895441359222,3.67082618481086,7.22081575064906,0.614824131873115,0.834253274591536,-1.42163598021421,1.13926034872618,-2.46670468067876,-2.18249534388951,0.401036894412253,-2.88883569123399,-2.52410027838479,-0.236117257886711,0.904124505801582,-5.05576913910782,0.847237513283894,-0.0402911834381324,-5.63171710303349,3.48570817119592,0.265267180468144,-0.181668955608959,0.343424262195886,0.740303985237984,0.295406433209487,-6.39222887593785,-1.53672616631953,6.02526324299687,0.18638600021146,0.740307698327732,-4.04085736838858,0.256792754482558,4.33118863813476,2.45404368974011,-1.3792077556149,-0.20025373881364,-1.76665833567093,-0.699385641143662,-0.949785368359263,3.19917127839283,-1.98794415522296,-1.91700201249221,1.42760067264355,1.81465717657717,0.955717087602706,5.06190945536627,1.76742104751413,2.65268334502575,1.60870252062589,-2.54641426345711,-4.38971323188538,-3.77915014260141,-1.54939771537402,-7.62159465844711,1.71643867472009,0.807148709534527,-2.96542011482985,0.557687179151253,1.85086896478879
"BTBRvFVB",2.21036481522015,8.25627456415021,0.29581618416799,-2.42323945473829,-0.571290755830387,2.67407959298194,-1.5327626085713,-1.81419575846336,-1.3370150357341,0.960009080755607,1.37317170375956,-0.769704248191019,-1.38048741293664,-1.57199320516686,-1.70715496418669,-3.43340840108334,0.652387941243986,2.80031560982316,-10.4792855364795,-0.254992826475337,-2.02066783680423,-0.980771503042352,5.896895833847,2.76182119492098,-0.418996041286148,6.31667470657216,2.35757184114184,0.208033693923815,-2.33930563464489,-2.13104909364374,2.38719553717677,6.26891890985344,-0.56127922700498,-2.68828396335917,-2.78261374032085,1.95060745277909,6.1351810200271,-0.509486865478416,1.34496803127587,-0.592345767889815,-0.0137508375638996,1.75984619377991,1.4838191145863,0.380159267772361,-1.38557454736183,2.65579766538269,3.58532862769802,4.2105796056947,5.83390755780517,2.41560243986668,-0.287714194617379,4.92508782598984,-6.90943172595565,-2.40750945719836,-1.16656977284924,0.996173416921079,-2.79606348870934,10.6212604961529,-0.440180984916139,0.293011338829785,2.11267203946026,1.64575625238659
"NRXN1a (-/-)",-0.061676397119582,1.41935318730532,0.0556442699419924,0.31560163617784,0.31954803541567,0.336291419200082,-0.756125005996706,0.209638351405554,0.174032846859661,4.60343827023643,0.651235863534382,0.0465969646855681,0.743611398897167,0.601184315875758,1.08340847234695,1.3558775673343,-1.78376433006743,-0.754879242810329,1.36054857721795,0.143553740316973,-0.128592611284149,-0.812176748686277,0.890587774650303,0.320785001336809,1.25953277229396,1.42279863385317,0.219109027503125,-0.100666572846164,0.296764093542053,0.0300031878349835,-0.491435258801056,0.311882944104826,-0.506773360585519,0.577018910790866,-0.277926423245681,-0.595081644021664,1.03160722711014,0.579514059949589,0.695284838671056,0.0788164108189337,-0.363623663946836,1.44444514765782,-1.00056316211069,0.368798264595362,-0.684649837575364,-1.74879263992158,-0.835835438743289,0.16590686928879,-0.25841336988939,0.865827663586911,-0.312520714788337,0.659717650273357,0.449562030029859,-0.363962881530431,0.951810861592412,0.0360152413331187,-0.919920865941883,0.210339552010233,-0.421722519476952,2.30416222783413,1.54383836403012,1.06462142154835
"NRXN1a (-/+)",-0.205342128118947,0.397410469633653,0.0991141461642557,0.50427957026895,-0.203234053444736,-0.520451978838694,-0.0309769452102187,-0.287619417882054,-0.571990722417333,2.72131970510749,0.559385772009602,-0.69598151880911,0.471246817534529,0.135819260347783,1.05419654343136,0.099484264773947,-0.750405785405202,-0.82942743654259,1.93706598476579,-0.635692629879864,-1.01398146512041,0.159536427486807,0.267710038066511,0.0532400007104638,2.10449432618956,-0.114780641679034,-0.293380050902484,-0.0932879353320039,0.502498653844378,-0.507782987389807,0.0426628708933345,-0.710332103538313,-1.34546489473984,1.12773385994491,-0.917783723945905,-0.152230262438257,0.319217394895691,0.918037344662184,-1.00322049148887,0.329608553845699,-0.759515507373962,-0.305357200693369,-2.22646912004932,-0.271961174042781,-1.03453233162711,-1.07591469046179,-0.93542273566952,-0.073116519743217,-0.0599209671996045,-0.701363238620432,-1.95877782249171,0.751062679517545,0.947678869545904,0.38457853281184,-0.11078822531682,0.635652162976677,1.33600325419852,0.24859574050333,-1.23622000928358,1.51580705188926,0.093174139591302,0.452121805941434
"SERT Ala56 KI",-0.724477758796267,-0.270852748779187,-0.183851918841712,0.260313959054115,0.412312685228893,0.331002129943862,0.47361907363103,0.335476279362681,-0.121520159599862,0.205217221178121,-0.441472353109591,0.296915083323748,-0.342539947319996,0.485934093804794,-1.56441334543496,-0.189186421984523,0.569576439397526,0.420277944210192,-0.521418283499662,0.227110417499847,0.606969091024168,0.300000339889658,-0.0364975858716607,0.53600938728596,-0.282053344005596,-0.109544249281296,0.245269670377752,-0.14799343478835,0.465025220882513,-0.497445211179233,-0.0471893515166442,0.382615341019554,0.621545493985574,-0.175147175356975,-0.161635761023139,0.758074388438127,0.581772556772212,-0.262501965059269,0.192056270554953,-0.402813936533689,0.644158222902373,0.0919176480547589,0.609635266656202,0.0476396864913217,0.104692092565368,-0.369273142595248,-0.730349027860362,0.257686316446964,0.580118858067041,0.150039963629697,-0.352202538600963,-0.417351228709888,-0.0836152613662128,0.328305941920916,0.131699619787742,-0.66479987556753,1.33895597834907,-0.265780055748157,-0.366951122374338,-0.0278212644688642,-0.667283174246902,-0.163693800955956
"SERT Ala56 KI 129",-0.394477901354092,0.990084499771662,-1.23319385110702,-0.312367445793894,0.224022839771367,-0.334472322262048,0.711224846330474,0.379402801871349,0.538071054016412,-0.0102695163572144,-0.083731157948163,0.816785248614879,-0.212591513130364,0.604136938837259,-0.630060653259246,-0.165310316757927,1.08164618534727,1.13392783371214,-1.12478939144611,-1.82080564137653,-1.03940544680066,-0.396912679006132,0.0185718346618126,-0.318574734297671,-1.05247346536992,-0.148390847901976,-0.276108677127359,-0.415435379149005,-0.491109385973283,0.132285798177233,0.0810332437562679,-0.168657117366403,0.0503952431639153,-0.906101887953544,-0.599892684778879,0.448624190344521,-0.212193025424696,-0.756704234055815,0.774550855672578,-0.251184310272815,-0.784889885736754,0.688853414359024,0.199535448233175,-0.206429194212443,-0.152429571390569,0.555755259251556,0.544496539980754,0.0214186358977219,0.45388495733321,0.0239836062706359,0.724222792179641,0.402915533141268,0.110461556755111,-0.353648982928496,-0.602761972984877,-0.592783974737841,-0.318197138057284,1.5542520026133,0.374968221490628,-0.78675437720221,-0.516147403404745,-0.42101532951789
"SERT KO (-/-)",-0.958001461139811,-0.311928757144833,-0.331663943844091,-0.961294388827837,0.185884823044301,-1.54839123019481,0.260839304081727,-0.386189029754437,0.352128740004007,0.312616173218366,-0.704798940845765,-0.219723405210353,-0.409350322377898,-0.445839782941015,-0.603584361890424,1.61887542827433,0.14475754391971,-0.229793771918501,0.199074184089239,0.57947171583618,0.492570247482302,0.00800140102639526,0.453483613262763,-0.352986090514733,0.797968216283682,0.458808306097073,0.795667155526567,-0.339775614431212,-0.75386664665485,0.779505067511445,0.584149193585401,0.724054441909279,0.0349209450132064,-0.230467753713485,-0.456551815815196,-0.410290162523714,0.95950877723735,0.558567420699698,1.26472801878494,-0.906477532464574,0.19106209515585,0.505749540387088,0.626005427203232,0.715575327469033,-0.822518654271579,0.252250516774111,-0.44597338115829,0.275264130861636,0.0110840657815892,0.660695178012839,0.185860140249747,-0.311180585769918,-0.435510921273519,0.0344996148603229,0.24610821026949,-0.129754985103447,-0.11557726913618,0.338978088376914,0.843732113793011,-1.35091160819416,0.755670852423656,-0.241043277832165
"SHANK3 (-/-)",-0.480542917663654,-0.158907415081323,0.309795522978279,0.304505027153561,0.354168440292341,-0.452235092841598,0.643741728178855,-0.102484079168705,-0.458363454590368,0.465739439587067,0.00019084993981061,0.447379724784208,-0.0126457781948848,0.14017709525136,0.366513589198707,0.600506790804298,-0.252212038500521,0.429234701543454,-0.456501010261667,-0.871663157394303,0.277224051105979,-0.444349019724545,0.630376173004677,0.739403739763943,-0.56200538633028,0.585445215309925,0.724105650676011,0.490330973639668,1.11063778937371,0.581176531228038,-0.632649384088627,-0.177931355342242,-0.815415082736463,0.168074531519593,0.0447429165868824,0.593158375649606,-0.07625645842649,0.220845573742088,-0.20400798090091,0.644501566213743,-0.740122406763088,-0.0326541933787376,-0.696574358869142,0.356244289075499,-0.162317240936927,0.256522498318807,-0.175926936878213,-0.211868800855207,0.726184301824628,0.126357442032149,-0.374735708777094,0.509581175150472,-0.111732303104865,-0.629225469911606,0.390528939256215,0.329633427862346,0.29059359998639,0.0235546386903966,-0.282975153802245,-0.306129847235455,-0.252135413479526,0.555625932055604
"SHANK3 (-/+)",-0.317002052599678,0.101059637655414,0.809606721493582,-0.516394637688449,0.217242220776854,-0.194784998369445,-0.189006449118891,-0.122909963528038,-0.678160503261887,0.671541704291882,-0.270504838766569,0.391150744110539,0.267814577664873,0.34163142233546,0.0921461848773495,0.372986408574833,-0.553852930323736,0.321844040524367,0.20367190916348,0.109468240957535,-0.228448277487947,-0.0355977338063414,0.348721777805016,0.691295806805666,-0.142783393252613,0.581910293457041,-0.000355715136627995,0.308605564201963,0.244211245611561,0.163710766034741,-0.243495449179691,0.286028771238219,-0.0791223696397854,0.180611429950677,0.58387859017402,0.16777413993956,-0.558926766194624,-0.100090342282732,0.345905905200555,1.32014115243171,0.327016074353606,-0.0627708945768535,0.0291924550127368,0.45998740150193,0.439375112810728,-0.278766919759449,-0.321921593915032,-0.109154920052301,0.70439527006363,0.119042574840893,-0.314452571022459,0.387994131928173,1.0677620603874,-0.0739048045107819,0.400502395557555,0.246104528647734,-0.0806049632310465,-0.0242272565898836,-0.40801091979508,-0.160333537827759,-0.617460083402602,1.00757815302341
"AndR 12Q",-0.383741603158266,-0.201146587599898,-1.58587696717137,-1.03363961421617,-1.14437520570856,-0.697991112258934,-0.864030466477915,-0.388666804395024,-0.9873532423968,-0.629533407303568,0.200201838910783,0.270824941648531,1.78036729343106,-0.187182179014599,1.45103209054863,-1.11764917060926,-0.709352743707846,-0.319206920141102,-0.550035380926168,-0.46678134399574,0.0317571324673287,-0.930030389100423,-0.876870842715179,-0.664855256796962,-0.168489846672748,-1.3514590766235,-0.251522417702361,-1.42112115237383,-0.410930705884617,-0.29856908451775,-1.24722854669655,-0.933497600599734,-0.287581032676409,-1.24779776085702,-0.0898370726059918,-0.133045718212142,-0.380604196954689,0.365407963893009,-0.860862562194137,-0.134578528104065,-0.946087410979006,-1.11808638722331,-0.0949641981409944,-0.662213216495621,0.217146359574694,0.669682355598588,-0.494418297076018,-1.25919353908354,-0.857760646394318,-0.611641628093806,-0.290862843051294,0.0829936666191617,0.445460334856199,-0.940501455255343,-0.984204819992758,-0.749402497801831,-0.0162198355314575,0.194326525529217,-0.441033803202135,-0.247876943330412,0.105681298813013,-0.458937719477098
"AndR 48Q",0.964948248086847,-0.385793652198774,-0.82599305627511,-0.524134842045129,-0.258782733364757,0.736618140588501,-0.191245477694593,-0.19021543548729,-0.0581808572049342,0.322938631144088,0.486463132056344,0.772894275414786,0.500899787738402,-0.927318040717426,-0.716077970989296,0.0906322831125559,-0.32219886565752,-0.4031893817375,-1.07073822193212,-0.327524996934884,0.136171383460226,-1.00858592694522,0.153181073286486,-0.284534392122423,-0.056473640804879,-0.122165851132844,0.0946222220963986,-0.0171911365705151,0.77008038167061,0.132672492260995,-1.51465768792931,-0.84373826126022,0.146120984657555,-0.364323534499845,1.63561782792593,-0.263932222164325,0.321701463806185,0.434130567308513,-0.620144361936203,0.8741370533853,0.79998296297608,-0.397574970319684,0.325295794842569,0.221805173863255,1.65553593520855,-0.398541901710021,0.149449619044689,-0.340213770589631,-0.0903206999178908,0.8522739325774,-0.506873593460112,0.26170598789836,-0.221973530441913,-0.847735371504122,-0.0043581610033998,0.171689935869861,0.707341675221149,-0.566523073270542,0.212103928504254,0.515722279010194,0.156188916309044,0.373158126671291
"BALBCvB6",-0.660950797861938,-1.82734773851405,6.78393985056143,5.1236993388783,1.84809521851605,-0.994507955604594,10.9017413318455,4.69902001788479,6.09735998282618,-0.60239989451764,-0.590879485770952,-4.37044646705219,-3.23464243387809,-2.62223299639653,-3.5721647748127,5.47568925948385,1.78691147568225,-7.18184107102347,-1.8929262000226,2.77533259812732,3.07480949619817,-2.83871809547866,3.2765957901006,-0.305946583917386,-3.15557567783247,1.40764788663935,1.07899126308681,0.970951121860929,-9.54846944427693,0.220446253436751,1.78938371966009,0.794252452616827,2.1091573239757,0.878580608275778,0.995231408516033,1.81136125951728,-3.34428941595565,-2.9389643576028,4.33391453687576,-1.96779600984167,1.83654269752915,1.28619058562553,4.00427832489439,-0.0923654146042931,-1.51937212463905,-0.0342720680788146,5.92579179974203,-1.16853727685862,-0.554047253613351,2.20939657115734,3.83572875356102,-4.88838449718127,0.210184728689114,-2.30776259551877,-2.17718327605089,-1.74442912860803,1.51584473226518,-4.90160631693697,3.31745726947574,-9.84037559282294,-2.8626746061808,0.601000072164374
"Turner XOvXX",-0.881918129871747,-1.54987189712859,0.309083273709142,0.412657393213392,0.604273076459113,-2.31757365006029,1.52275305344119,0.312018240424023,0.697572774150802,-0.327152485769506,-0.519146532697963,0.250574495151943,0.67895464242925,-0.446097584423887,0.0804961290156708,0.17920467763711,-0.240415308759178,-1.06390952429047,-0.500106382247354,0.516751196555744,0.836463010502805,-0.480749317965075,0.519767031728373,-0.794509419866332,-0.411581517167038,0.706254721253742,0.386848002078892,0.656044015496456,-0.615689971990335,-0.1754217979299,-0.529850945702974,-0.77192958703037,0.44844031993094,-1.45171426358276,-0.579021389543551,0.326047384107918,-1.17358573210128,-0.644288527588911,0.348142564621182,-0.16531853356002,0.355829118168816,0.182463336305783,0.414665069426294,-1.05549250766969,-0.898234556825159,-0.383757143858053,0.608692902916725,1.24873621225408,-2.15104261126965,-0.482849816298432,0.54495776525582,-1.29030212574097,0.0124959393709475,-0.145120797347653,-0.393785590995876,-1.0091307645592,-1.38625675076048,-1.25092379065599,0.270885398592933,-0.741326483082794,-0.0261275119067785,-0.152969620837785
"GTF2i (dp/dp)",1.70164326390387,0.0443716109003872,1.53306712305684,0.641723395874499,0.469053797608219,0.527595774404329,0.277206358117463,0.678787835751665,0.463244496094434,0.815932611688996,2.23572363128445,0.799353441947575,0.247609511585889,0.624394463073464,0.240839857718134,0.0668294870599608,0.822997351140528,1.43177473059185,0.242529604128492,0.69738352917767,1.09712974697088,-0.353132242779485,0.760310668408599,0.136397265309364,0.654520318319039,0.452727088124545,2.41386969028972,1.29164500770103,0.945182921814717,-0.149704251245811,-0.176496088432696,0.471369031693215,1.29521938366353,0.482713272232844,-1.04996929561991,0.273665043017807,-0.510705708548873,0.440783447609978,-0.358358942308848,-0.224131652882867,0.750097993649827,0.137362018004625,0.91647513651486,0.417730126801923,-0.632071852983661,-0.28888599328052,0.462358308073334,0.509536614000669,1.63802562908558,0.546538274905606,0.575943593686914,0.914544861218339,1.00251708193604,-0.416313255147572,0.165717062329777,0.672813077723916,-0.226297745630098,-0.604606280600979,0.515939320183229,-0.240561475554608,0.385643136861307,0.0525145787592552
"GTF2i (+/-)",-0.640051662058638,-0.50568385270763,-0.726320027764901,-0.390829075830628,-0.357131364095451,-0.289106622241763,-0.400493534808187,-0.388984172309386,-0.939792435153208,0.0625327812445055,-0.0593983213563946,-0.197643220849561,-1.2873679960901,-0.261017552684691,-1.01339189001405,-0.464508305405525,-0.125154357942319,0.0337982095640123,-0.838257061198608,-0.101697540083124,-0.372578522433861,-0.804552877463663,-0.148259107996982,-0.284287280305598,-0.605600073735425,-0.368877823513594,-0.553121842930349,-0.689106376738445,-0.57302693189204,-0.0669165251426714,-1.12461163656147,-0.411416031884817,0.505734618541666,-0.475702203113083,-0.294723664072373,-0.127750267743173,-0.363478264476334,-0.886157763257168,-0.996490571585366,-0.508672601650839,0.086911386202703,-0.106449810176453,-0.0215856116502947,-0.0370004601913645,0.124526775927886,-0.674552171519079,-0.369296144093973,-0.50596084214195,0.077700594993938,-0.280199299528779,-1.33458302802941,-0.117829249526317,-0.758237244515458,-0.559952708032886,-0.255650665544857,-0.401782312479791,-0.653193019341524,-0.434592917817055,-0.0344610354335029,-0.366073482450001,-0.207036406552292,0.155875909736165
"ITGB3 (-/-)",2.06567766141626,0.604604496189173,-0.035312064259011,-4.19947089169509,1.40125624495108,-0.966211444304473,-1.9325545270872,-1.8548793363869,-0.379042270575962,-0.756040137950808,-0.263069587730879,1.96467330392783,1.24349553428724,-0.00779944418386976,2.83638986383986,-1.16595459912681,-0.0328759798945157,0.592139788725873,-3.15904056207396,-0.787149094715934,-1.24728706546451,-1.97725432265403,-1.17373360239365,-0.429569506565722,-1.65804522401522,-1.40141808244316,-0.430287165664584,0.786677502345329,-1.17821239591337,2.19882351277441,-1.22904228272127,1.0990986605763,-0.9001931056271,-2.28063875123404,0.848215686930274,0.612646602298833,0.410322359283933,-0.490144504670176,1.32893105927437,-0.205745474522246,-1.29732867312024,0.291083789090682,-1.24663687942203,-0.198026938643473,0.253306811217381,1.01142500123845,1.3721146141691,-1.73562526966179,0.470949924056834,-0.114919419562349,-0.210480696431531,-0.656787433499712,-0.999629525612048,-2.29423324044407,-0.973346527325546,-1.37091647908822,-1.39698670869122,1.86626753563972,0.521569940461093,0.11063227696312,0.26282840062845,-0.996725092502028
